key,label,persona,competition,monetizationPriority,seedKeywords,pagePatterns
ai-coding,AI coding tools,"developers, startup founders, technical teams",medium,10,best ai coding tools | cursor alternatives | copilot vs cursor | ai code review tools | best ai for developers,best-for-role | versus | pricing | switching-guide | workflow-guide
ai-meeting-notes,AI meeting assistants,"sales teams, agencies, managers, founders",medium,9,best ai meeting assistant | otter alternatives | fireflies vs fathom | meeting note taker ai | ai meeting summary tools,best-for-role | versus | pricing | workflow-guide
ai-video,AI video tools,"creators, marketers, agencies, course builders",medium,9,best ai video generator | runway alternatives | best ai video editor | ai ad creative tools | text to video ai tools,best-for-role | versus | pricing | workflow-guide | free-tools
ai-images,AI image tools,"designers, marketers, ecommerce brands, solo creators",high,8,best ai image generator | midjourney alternatives | ai product photo tools | best ai for thumbnails | free ai image generator no watermark,best-for-role | pricing | alternatives | free-tools
ai-sales,AI sales and outreach tools,"sales reps, SDR teams, agencies, founders",low,10,best ai sales tools | best ai for outbound | ai cold email personalization | apollo alternatives ai | ai SDR tools,best-for-role | pricing | workflow-guide | switching-guide
ai-support,AI support and chatbot tools,"support teams, SaaS companies, ecommerce stores",low,9,best ai customer support tools | ai support chatbot | intercom ai alternatives | help desk ai tools | best ai live chat,best-for-role | versus | pricing | switching-guide
ai-writing,AI writing tools,"marketers, founders, agencies, students",high,7,best ai writing tools | jasper alternatives | best ai copywriting tool | ai blog writing tools | best ai for marketing copy,best-for-role | pricing | alternatives | workflow-guide
ai-research,AI research and search tools,"researchers, analysts, consultants, students",medium,8,best ai research tools | perplexity alternatives | ai search tools | best ai for research | ai literature review tools,best-for-role | versus | pricing | workflow-guide
ai-students,AI tools for students,"students, parents, tutors, education creators",medium,6,best ai tools for students | free ai tools for students | best note summarizer for students | ai study tools | best ai homework assistant,best-for-role | free-tools | workflow-guide
ai-ecommerce,AI tools for ecommerce,"store owners, marketers, ecommerce agencies",low,9,best ai tools for ecommerce | ai product description generator | ai product photo tools | best ai ad tools for ecommerce | shopify ai tools,best-for-role | workflow-guide | pricing | free-tools
